Model,CV Acc  (mean),CV Acc  (std),CV F1   (mean),CV F1   (std),Train Acc (mean)
Logistic Regression,0.9964285714285713,0.007142857142857162,0.9964102564102564,0.007179487179487154,1.0
MLP,0.9964285714285713,0.007142857142857162,0.9964102564102564,0.007179487179487154,1.0
Random Forest,0.9964285714285713,0.007142857142857162,0.9964102564102564,0.007179487179487154,1.0
